bucket,n_obs,avg_fwd_1m,avg_fwd_3m,avg_fwd_12m,avg_fwd_vol_3m,hit_rate_1m,max_dd_6m,std_fwd_1m
Q1,37,-0.002453854856531226,-0.009456789054213823,-0.05151751038126884,0.16950413903301592,0.5405405405405406,-0.09079106979209717,0.04983699156659341
Q2,35,0.00853033265788764,0.015742058441455535,0.12920042856535993,0.12318784259506317,0.6285714285714286,-0.06579074416804823,0.042140661572981034
Q3,36,0.0005334631314580021,0.028010244448645836,0.1112529819708612,0.18181989765883969,0.5555555555555556,-0.06571931902712892,0.07217046987776156
Q4,37,0.011709121100817503,0.023215288785605546,0.14927492731667874,0.1780584551692508,0.6216216216216216,-0.09273724364662649,0.0565640193070192
Q5,35,0.03135379925275414,0.08149368874385572,0.24451043415152246,0.19343207705680762,0.7142857142857143,-0.06351716161936476,0.064043951481485
